<ViewerConfig><QueryConfig><QueryParams><UserQuery /></QueryParams><QueryNode><Name LanguageNeutralValue="Failed login on lock screen using PIN">Failed login on lock screen using PIN</Name><Description>When the wrong PIN is entered in the lock screen, an event log is created here</Description><QueryList><Query Id="0" Path="Security"><Select Path="Security">*[System[(EventID=4776)] and EventData[Data[@Name='Status']='0xc0000064']]</Select></Query></QueryList></QueryNode></QueryConfig><ResultsConfig><Columns><Column Name="Level" Type="System.String" Path="Event/System/Level" Visible="">265</Column><Column Name="Keywords" Type="System.String" Path="Event/System/Keywords">70</Column><Column Name="Date and Time" Type="System.DateTime" Path="Event/System/TimeCreated/@SystemTime" Visible="">315</Column><Column Name="Source" Type="System.String" Path="Event/System/Provider/@Name" Visible="">225</Column><Column Name="Event ID" Type="System.UInt32" Path="Event/System/EventID" Visible="">225</Column><Column Name="Task Category" Type="System.String" Path="Event/System/Task" Visible="">225</Column><Column Name="User" Type="System.String" Path="Event/System/Security/@UserID">50</Column><Column Name="Operational Code" Type="System.String" Path="Event/System/Opcode">110</Column><Column Name="Log" Type="System.String" Path="Event/System/Channel">80</Column><Column Name="Computer" Type="System.String" Path="Event/System/Computer">170</Column><Column Name="Process ID" Type="System.UInt32" Path="Event/System/Execution/@ProcessID">70</Column><Column Name="Thread ID" Type="System.UInt32" Path="Event/System/Execution/@ThreadID">70</Column><Column Name="Processor ID" Type="System.UInt32" Path="Event/System/Execution/@ProcessorID">90</Column><Column Name="Session ID" Type="System.UInt32" Path="Event/System/Execution/@SessionID">70</Column><Column Name="Kernel Time" Type="System.UInt32" Path="Event/System/Execution/@KernelTime">80</Column><Column Name="User Time" Type="System.UInt32" Path="Event/System/Execution/@UserTime">70</Column><Column Name="Processor Time" Type="System.UInt32" Path="Event/System/Execution/@ProcessorTime">100</Column><Column Name="Correlation Id" Type="System.Guid" Path="Event/System/Correlation/@ActivityID">85</Column><Column Name="Relative Correlation Id" Type="System.Guid" Path="Event/System/Correlation/@RelatedActivityID">140</Column><Column Name="Event Source Name" Type="System.String" Path="Event/System/Provider/@EventSourceName">140</Column></Columns></ResultsConfig></ViewerConfig>