<ViewerConfig><QueryConfig><QueryParams><UserQuery /></QueryParams><QueryNode><Name LanguageNeutralValue="controlled folder access events">controlled folder access events</Name><QueryList><Query Id="0" Path="Microsoft-Windows-Windows Defender/Operational"><Select Path="Microsoft-Windows-Windows Defender/Operational">*[System[(EventID=1123 or EventID=1124 or EventID=5007)]]</Select><Select Path="Microsoft-Windows-Windows Defender/WHC">*[System[(EventID=1123 or EventID=1124 or EventID=5007)]]</Select></Query></QueryList></QueryNode></QueryConfig></ViewerConfig>